﻿delete from users;
delete from dampers;
delete from devices;
delete from zones;
delete from regions;

insert into users (name, password, description)
values
('administrator', 'administrator', 'Администратор'),
('operator', 'operator', 'Оператор АРМ'),
('integrator', 'integrator', ''),
('guardgui', 'guardgui', 'АРМ');

insert into regions (id, parent_id, svg, description)
values
(0,-1,'http://192.168.0.232/svg/mgts/mgts.svg','МГТС Мск'),
(1, 0,'http://192.168.0.232/svg/mgts/mgts.svg','АТС 001'),
(2, 1,'http://192.168.0.232/svg/mgts/mgts.svg','Line 1'),
(3, 1,'http://192.168.0.232/svg/mgts/mgts.svg','Line 2')

insert into zones (id, region_id, fiber_x1, fiber_x2, description, x1, y1, x2, y2, receiver_id, status) values
(1, 2, 474, 482, 'TK351-5', 100, 200, 400, 200, 'AF03BDFC-A892-469A-97FF-75375A14A435', 1),
(2, 2, 505, 525, 'TK351-172', 100, 200, 400, 200, 'AF03BDFC-A892-469A-97FF-75375A14A435', 1),
(3, 2, 565, 575, 'TK351-170', 100, 200, 400, 200, 'AF03BDFC-A892-469A-97FF-75375A14A435', 1),
(4, 2, 576, 585, 'TK351-6', 100, 200, 400, 200, 'AF03BDFC-A892-469A-97FF-75375A14A435', 1),
(5, 2, 605, 612, 'TK350-169', 100, 200, 400, 200, 'AF03BDFC-A892-469A-97FF-75375A14A435', 1),
(6, 2, 673, 683, 'TK350-168', 100, 200, 400, 200, 'AF03BDFC-A892-469A-97FF-75375A14A435', 1),
(7, 2, 702, 715, 'TK350-778', 100, 200, 400, 200, 'AF03BDFC-A892-469A-97FF-75375A14A435', 1),
(8, 2, 785, 795, 'TK350-167', 100, 200, 400, 200, 'AF03BDFC-A892-469A-97FF-75375A14A435', 1),
(9, 2, 897, 910, 'TK350-327', 100, 200, 400, 200, 'AF03BDFC-A892-469A-97FF-75375A14A435', 1),
(10, 2, 951, 959, 'TK350-120', 100, 200, 400, 200, 'AF03BDFC-A892-469A-97FF-75375A14A435', 1),
(11, 2, 1004, 1015, 'TK350-121', 100, 200, 400, 200, 'AF03BDFC-A892-469A-97FF-75375A14A435', 1),
(12, 2, 1087, 1102, 'TK350-166', 100, 200, 400, 200, 'AF03BDFC-A892-469A-97FF-75375A14A435', 1),
(13, 2, 1198, 1209, 'TK350-673', 100, 200, 400, 200, 'AF03BDFC-A892-469A-97FF-75375A14A435', 1),
(14, 2, 1342, 1347, 'TK350-6 (no in list)', 100, 200, 400, 200, 'AF03BDFC-A892-469A-97FF-75375A14A435', 1),
(15, 2, 1385, 1392, 'TK350-155', 100, 200, 400, 200, 'AF03BDFC-A892-469A-97FF-75375A14A435', 1),
(16, 2, 1436, 1446, 'TK350-134', 100, 200, 400, 200, 'AF03BDFC-A892-469A-97FF-75375A14A435', 1),
(17, 2, 1552, 1565, 'TK350-133', 100, 200, 400, 200, 'AF03BDFC-A892-469A-97FF-75375A14A435', 1),
(18, 2, 1630, 1640, 'TK350-132', 100, 200, 400, 200, 'AF03BDFC-A892-469A-97FF-75375A14A435', 1),
(19, 2, 1648, 1658, 'TK350-15', 100, 200, 400, 200, 'AF03BDFC-A892-469A-97FF-75375A14A435', 1),
(20, 2, 1705, 1715, 'TK350-161', 100, 200, 400, 200, 'AF03BDFC-A892-469A-97FF-75375A14A435', 1),
(21, 2, 1800, 1812, 'TK350-14', 100, 200, 400, 200, 'AF03BDFC-A892-469A-97FF-75375A14A435', 1),
(22, 2, 1824, 1834, 'TK350-13', 100, 200, 400, 200, 'AF03BDFC-A892-469A-97FF-75375A14A435', 1),
(23, 2, 1850, 1860, 'TK350-7', 100, 200, 400, 200, 'AF03BDFC-A892-469A-97FF-75375A14A435', 1),
(24, 2, 1863, 1870, 'TK350-128', 100, 200, 400, 200, 'AF03BDFC-A892-469A-97FF-75375A14A435', 1),
(25, 2, 1934, 1939, 'TK350-171', 100, 200, 400, 200, 'AF03BDFC-A892-469A-97FF-75375A14A435', 1),
(26, 2, 1940, 1945, 'TK350-144', 100, 200, 400, 200, 'AF03BDFC-A892-469A-97FF-75375A14A435', 1),
(27, 2, 1968, 1974, 'TK350-145', 100, 200, 400, 200, 'AF03BDFC-A892-469A-97FF-75375A14A435', 1),
(28, 2, 2010, 2018, 'TK350-146', 100, 200, 400, 200, 'AF03BDFC-A892-469A-97FF-75375A14A435', 1),
(29, 2, 4050, 4060, 'TK350-6', 100, 200, 400, 200, 'AF03BDFC-A892-469A-97FF-75375A14A435', 1),
(30, 2, 4165, 4178, 'TK358-134???', 100, 200, 400, 200, 'AF03BDFC-A892-469A-97FF-75375A14A435', 1),
(31, 2, 4287, 4297, 'TK358-135', 100, 200, 400, 200, 'AF03BDFC-A892-469A-97FF-75375A14A435', 1),
(32, 2, 4303, 4314, 'TK358-226', 100, 200, 400, 200, 'AF03BDFC-A892-469A-97FF-75375A14A435', 1),
(33, 2, 4429, 4439, 'TK358-172', 100, 200, 400, 200, 'AF03BDFC-A892-469A-97FF-75375A14A435', 1),
(34, 2, 4508, 4518, 'TK358-171', 100, 200, 400, 200, 'AF03BDFC-A892-469A-97FF-75375A14A435', 1),
(35, 2, 4606, 4616, 'TK358-117', 100, 200, 400, 200, 'AF03BDFC-A892-469A-97FF-75375A14A435', 1),
(36, 2, 4790, 4800, 'TK350-240', 100, 200, 400, 200, 'AF03BDFC-A892-469A-97FF-75375A14A435', 1),
(37, 2, 4912, 4922, 'TK350-239', 100, 200, 400, 200, 'AF03BDFC-A892-469A-97FF-75375A14A435', 1),
(38, 2, 4967, 4977, 'TK350-238', 100, 200, 400, 200, 'AF03BDFC-A892-469A-97FF-75375A14A435', 1),
(39, 2, 5065, 5075, 'TK350-237', 100, 200, 400, 200, 'AF03BDFC-A892-469A-97FF-75375A14A435', 1),
(40, 2, 5076, 5082, 'TK350-172', 100, 200, 400, 200, 'AF03BDFC-A892-469A-97FF-75375A14A435', 1),
(41, 2, 5135, 5145, 'TK350-751', 100, 200, 400, 200, 'AF03BDFC-A892-469A-97FF-75375A14A435', 1),
(42, 2, 5147, 5157, 'TK350-148', 100, 200, 400, 200, 'AF03BDFC-A892-469A-97FF-75375A14A435', 1),
(43, 2, 5200, 5220, 'TK350-149', 100, 200, 400, 200, 'AF03BDFC-A892-469A-97FF-75375A14A435', 1),
(44, 2, 5280, 5285, 'TK350-150', 100, 200, 400, 200, 'AF03BDFC-A892-469A-97FF-75375A14A435', 1),
(45, 2, 5287, 5295, 'TK350-151', 100, 200, 400, 200, 'AF03BDFC-A892-469A-97FF-75375A14A435', 1),
(46, 2, 5355, 5365, 'TK350-152', 100, 200, 400, 200, 'AF03BDFC-A892-469A-97FF-75375A14A435', 1),
(47, 2, 5430, 5440, 'TK350-153', 100, 200, 400, 200, 'AF03BDFC-A892-469A-97FF-75375A14A435', 1),
(48, 2, 5455, 5465, 'TK350-669', 100, 200, 400, 200, 'AF03BDFC-A892-469A-97FF-75375A14A435', 1),
(49, 2, 5490, 5500, 'TK350-670', 100, 200, 400, 200, 'AF03BDFC-A892-469A-97FF-75375A14A435', 1),
(50, 2, 5510, 5520, 'TK350-671', 100, 200, 400, 200, 'AF03BDFC-A892-469A-97FF-75375A14A435', 1),
(51, 2, 5528, 5534, 'TK350-672', 100, 200, 400, 200, 'AF03BDFC-A892-469A-97FF-75375A14A435', 1),
(52, 2, 8750, 8760, 'TK350-752', 100, 200, 400, 200, 'AF03BDFC-A892-469A-97FF-75375A14A435', 1),
(53, 2, 8800, 8810, 'TK350-754', 100, 200, 400, 200, 'AF03BDFC-A892-469A-97FF-75375A14A435', 1),
(54, 2, 11152, 11162, 'TK350-141', 100, 200, 400, 200, 'AF03BDFC-A892-469A-97FF-75375A14A435', 1),
(55, 2, 11240, 11270, 'TK350-142', 100, 200, 400, 200, 'AF03BDFC-A892-469A-97FF-75375A14A435', 1),
(56, 2, 11322, 11332, 'TK350-143', 100, 200, 400, 200, 'AF03BDFC-A892-469A-97FF-75375A14A435', 1),
(57, 2, 11367, 11377, 'TK358-144', 100, 200, 400, 200, 'AF03BDFC-A892-469A-97FF-75375A14A435', 1),
(58, 2, 11453, 11463, 'TK358-167', 100, 200, 400, 200, 'AF03BDFC-A892-469A-97FF-75375A14A435', 1),
(59, 2, 11495, 11505, 'TK358-145', 100, 200, 400, 200, 'AF03BDFC-A892-469A-97FF-75375A14A435', 1),
(60, 2, 11585, 11598, 'TK358-323', 100, 200, 400, 200, 'AF03BDFC-A892-469A-97FF-75375A14A435', 1),
(61, 2, 11615, 11625, 'TK358-667', 100, 200, 400, 200, 'AF03BDFC-A892-469A-97FF-75375A14A435', 1),
(62, 2, 11705, 11715, 'TK358-146', 100, 200, 400, 200, 'AF03BDFC-A892-469A-97FF-75375A14A435', 1),
(63, 2, 11765, 11775, 'TK358-147', 100, 200, 400, 200, 'AF03BDFC-A892-469A-97FF-75375A14A435', 1),
(64, 2, 11815, 11827, 'TK350-340', 100, 200, 400, 200, 'AF03BDFC-A892-469A-97FF-75375A14A435', 1),
(65, 2, 11940, 11950, 'TK350-339', 100, 200, 400, 200, 'AF03BDFC-A892-469A-97FF-75375A14A435', 1),
(66, 2, 12053, 12063, 'TK350-175', 100, 200, 400, 200, 'AF03BDFC-A892-469A-97FF-75375A14A435', 1),
(67, 2, 12140, 12153, 'TK350-710', 100, 200, 400, 200, 'AF03BDFC-A892-469A-97FF-75375A14A435', 1),
(68, 2, 12155, 12164, 'TK350-724', 100, 200, 400, 200, 'AF03BDFC-A892-469A-97FF-75375A14A435', 1),
(69, 2, 12247, 12257, 'TK350-711', 100, 200, 400, 200, 'AF03BDFC-A892-469A-97FF-75375A14A435', 1),
(70, 2, 12315, 12332, 'TK350-712', 100, 200, 400, 200, 'AF03BDFC-A892-469A-97FF-75375A14A435', 1),
(71, 2, 15420, 15460, 'TK350-333', 100, 200, 400, 200, 'AF03BDFC-A892-469A-97FF-75375A14A435', 1),
(72, 3, 2373, 2388, 'TK353-114', 100, 200, 400, 200, 'F9A39246-2673-4650-9A92-840CBB9A4563', 1),
(73, 3, 2459, 2465, 'TK353-115', 100, 200, 400, 200, 'F9A39246-2673-4650-9A92-840CBB9A4563', 1),
(74, 3, 2545, 2557, 'TK353-111', 100, 200, 400, 200, 'F9A39246-2673-4650-9A92-840CBB9A4563', 1),
(75, 3, 2649, 2660, 'TK353-4', 100, 200, 400, 200, 'F9A39246-2673-4650-9A92-840CBB9A4563', 1),
(76, 3, 2694, 2710, 'TK353-3', 100, 200, 400, 200, 'F9A39246-2673-4650-9A92-840CBB9A4563', 1),
(77, 3, 2798, 2816, 'TK353-110', 100, 200, 400, 200, 'F9A39246-2673-4650-9A92-840CBB9A4563', 1),
(78, 3, 2841, 2851, 'TK353-8', 100, 200, 400, 200, 'F9A39246-2673-4650-9A92-840CBB9A4563', 1),
(79, 3, 2978, 2990, 'TK353-1', 100, 200, 400, 200, 'F9A39246-2673-4650-9A92-840CBB9A4563', 1),
(80, 3, 3010, 3020, 'TK353-2', 100, 200, 400, 200, 'F9A39246-2673-4650-9A92-840CBB9A4563', 1),
(81, 3, 3058, 3068, 'TK353-6', 100, 200, 400, 200, 'F9A39246-2673-4650-9A92-840CBB9A4563', 1),
(82, 3, 3100, 3115, 'TK353-319', 100, 200, 400, 200, 'F9A39246-2673-4650-9A92-840CBB9A4563', 1),
(83, 3, 3195, 3205, 'TK353-320', 100, 200, 400, 200, 'F9A39246-2673-4650-9A92-840CBB9A4563', 1),
(84, 3, 3206, 3215, 'TK353-321', 100, 200, 400, 200, 'F9A39246-2673-4650-9A92-840CBB9A4563', 1),
(85, 3, 3274, 3287, 'TK353-102', 100, 200, 400, 200, 'F9A39246-2673-4650-9A92-840CBB9A4563', 1),
(86, 3, 3295, 3307, 'TK353-322', 100, 200, 400, 200, 'F9A39246-2673-4650-9A92-840CBB9A4563', 1),
(87, 3, 3380, 3390, 'TK353-222', 100, 200, 400, 200, 'F9A39246-2673-4650-9A92-840CBB9A4563', 1),
(88, 3, 3412, 3418, 'TK353-221', 100, 200, 400, 200, 'F9A39246-2673-4650-9A92-840CBB9A4563', 1),
(89, 3, 3430, 3440, 'TK353-220', 100, 200, 400, 200, 'F9A39246-2673-4650-9A92-840CBB9A4563', 1),
(90, 3, 3468, 3478, 'TK353-219', 100, 200, 400, 200, 'F9A39246-2673-4650-9A92-840CBB9A4563', 1),
(91, 3, 3558, 3570, 'TK353-218', 100, 200, 400, 200, 'F9A39246-2673-4650-9A92-840CBB9A4563', 1),
(92, 3, 3581, 3592, 'TK353-217', 100, 200, 400, 200, 'F9A39246-2673-4650-9A92-840CBB9A4563', 1),
(93, 3, 3608, 3616, 'TK353-216', 100, 200, 400, 200, 'F9A39246-2673-4650-9A92-840CBB9A4563', 1),
(94, 3, 3662, 3670, 'TK353-215', 100, 200, 400, 200, 'F9A39246-2673-4650-9A92-840CBB9A4563', 1),
(95, 3, 3685, 3695, 'TK353-160', 100, 200, 400, 200, 'F9A39246-2673-4650-9A92-840CBB9A4563', 1),
(96, 3, 3705, 3715, 'TK353-161', 100, 200, 400, 200, 'F9A39246-2673-4650-9A92-840CBB9A4563', 1),
(97, 3, 3731, 3741, 'TK353-162', 100, 200, 400, 200, 'F9A39246-2673-4650-9A92-840CBB9A4563', 1),
(98, 3, 3805, 3815, 'TK353-164', 100, 200, 400, 200, 'F9A39246-2673-4650-9A92-840CBB9A4563', 1),
(99, 3, 3835, 3844, 'TK353-211', 100, 200, 400, 200, 'F9A39246-2673-4650-9A92-840CBB9A4563', 1),
(100, 3, 3845, 3855, 'TK352-12', 100, 200, 400, 200, 'F9A39246-2673-4650-9A92-840CBB9A4563', 1),
(101, 3, 3907, 3917, 'TK353-13', 100, 200, 400, 200, 'F9A39246-2673-4650-9A92-840CBB9A4563', 1)

insert into dampers values
(1,474, 482, 5, 2, 3, 10, true, true, true),
(2,505, 525, 5, 2, 3, 10, true, true, true),
(3,565, 575, 5, 2, 3, 10, true, true, true),
(4,576, 585, 5, 2, 3, 10, true, true, true),
(5,605, 612, 5, 2, 3, 10, true, true, true),
(6,673, 683, 5, 2, 3, 10, true, true, true),
(7,702, 715, 5, 2, 3, 10, true, true, true),
(8,785, 795, 5, 2, 3, 10, true, true, true),
(9,897, 910, 5, 2, 3, 10, true, true, true),
(10,951, 959, 5, 2, 3, 10, true, true, true),
(11,1004, 1015, 5, 2, 3, 10, true, true, true),
(12,1087, 1102, 5, 2, 3, 10, true, true, true),
(13,1198, 1209, 5, 2, 3, 10, true, true, true),
(14,1342, 1347, 5, 2, 3, 10, true, true, true),
(15,1385, 1392, 5, 2, 3, 10, true, true, true),
(16,1436, 1446, 5, 2, 3, 10, true, true, true),
(17,1552, 1565, 5, 2, 3, 10, true, true, true),
(18,1630, 1640, 5, 2, 3, 10, true, true, true),
(19,1648, 1658, 5, 2, 3, 10, true, true, true),
(20,1705, 1715, 5, 2, 3, 10, true, true, true),
(21,1800, 1812, 5, 2, 3, 10, true, true, true),
(22,1824, 1834, 5, 2, 3, 10, true, true, true),
(23,1850, 1860, 5, 2, 3, 10, true, true, true),
(24,1863, 1870, 5, 2, 3, 10, true, true, true),
(25,1934, 1939, 5, 2, 3, 10, true, true, true),
(26,1940, 1945, 5, 2, 3, 10, true, true, true),
(27,1968, 1974, 5, 2, 3, 10, true, true, true),
(28,2010, 2018, 5, 2, 3, 10, true, true, true),
(29,4050, 4060, 5, 2, 3, 10, true, true, true),
(30,4165, 4178, 5, 2, 3, 10, true, true, true),
(31,4287, 4297, 5, 2, 3, 10, true, true, true),
(32,4303, 4314, 5, 2, 3, 10, true, true, true),
(33,4429, 4439, 5, 2, 3, 10, true, true, true),
(34,4508, 4518, 5, 2, 3, 10, true, true, true),
(35,4606, 4616, 5, 2, 3, 10, true, true, true),
(36,4790, 4800, 5, 2, 3, 10, true, true, true),
(37,4912, 4922, 5, 2, 3, 10, true, true, true),
(38,4967, 4977, 5, 2, 3, 10, true, true, true),
(39,5065, 5075, 5, 2, 3, 10, true, true, true),
(40,5076, 5082, 5, 2, 3, 10, true, true, true),
(41,5135, 5145, 5, 2, 3, 10, true, true, true),
(42,5147, 5157, 5, 2, 3, 10, true, true, true),
(43,5200, 5220, 5, 2, 3, 10, true, true, true),
(44,5280, 5285, 5, 2, 3, 10, true, true, true),
(45,5287, 5295, 5, 2, 3, 10, true, true, true),
(46,5355, 5365, 5, 2, 3, 10, true, true, true),
(47,5430, 5440, 5, 2, 3, 10, true, true, true),
(48,5455, 5465, 5, 2, 3, 10, true, true, true),
(49,5490, 5500, 5, 2, 3, 10, true, true, true),
(50,5510, 5520, 5, 2, 3, 10, true, true, true),
(51,5528, 5534, 5, 2, 3, 10, true, true, true),
(52,8750, 8760, 5, 2, 3, 10, true, true, true),
(53,8800, 8810, 5, 2, 3, 10, true, true, true),
(54,11152, 11162, 5, 2, 3, 10, true, true, true),
(55,11240, 11270, 5, 2, 3, 10, true, true, true),
(56,11322, 11332, 5, 2, 3, 10, true, true, true),
(57,11367, 11377, 5, 2, 3, 10, true, true, true),
(58,11453, 11463, 5, 2, 3, 10, true, true, true),
(59,11495, 11505, 5, 2, 3, 10, true, true, true),
(60,11585, 11598, 5, 2, 3, 10, true, true, true),
(61,11615, 11625, 5, 2, 3, 10, true, true, true),
(62,11705, 11715, 5, 2, 3, 10, true, true, true),
(63,11765, 11775, 5, 2, 3, 10, true, true, true),
(64,11815, 11827, 5, 2, 3, 10, true, true, true),
(65,11940, 11950, 5, 2, 3, 10, true, true, true),
(66,12053, 12063, 5, 2, 3, 10, true, true, true),
(67,12140, 12153, 5, 2, 3, 10, true, true, true),
(68,12155, 12164, 5, 2, 3, 10, true, true, true),
(69,12247, 12257, 5, 2, 3, 10, true, true, true),
(70,12315, 12332, 5, 2, 3, 10, true, true, true),
(71,15420, 15460, 5, 2, 3, 10, true, true, true),
(72,2373, 2388, 5, 2, 3, 10, true, true, true),
(73,2459, 2465, 5, 2, 3, 10, true, true, true),
(74,2545, 2557, 5, 2, 3, 10, true, true, true),
(75,2649, 2660, 5, 2, 3, 10, true, true, true),
(76,2694, 2710, 5, 2, 3, 10, true, true, true),
(77,2798, 2816, 5, 2, 3, 10, true, true, true),
(78,2841, 2851, 5, 2, 3, 10, true, true, true),
(79,2978, 2990, 5, 2, 3, 10, true, true, true),
(80,3010, 3020, 5, 2, 3, 10, true, true, true),
(81,3058, 3068, 5, 2, 3, 10, true, true, true),
(82,3100, 3115, 5, 2, 3, 10, true, true, true),
(83,3195, 3205, 5, 2, 3, 10, true, true, true),
(84,3206, 3215, 5, 2, 3, 10, true, true, true),
(85,3274, 3287, 5, 2, 3, 10, true, true, true),
(86,3295, 3307, 5, 2, 3, 10, true, true, true),
(87,3380, 3390, 5, 2, 3, 10, true, true, true),
(88,3412, 3418, 5, 2, 3, 10, true, true, true),
(89,3430, 3440, 5, 2, 3, 10, true, true, true),
(90,3468, 3478, 5, 2, 3, 10, true, true, true),
(91,3558, 3570, 5, 2, 3, 10, true, true, true),
(92,3581, 3592, 5, 2, 3, 10, true, true, true),
(93,3608, 3616, 5, 2, 3, 10, true, true, true),
(94,3662, 3670, 5, 2, 3, 10, true, true, true),
(95,3685, 3695, 5, 2, 3, 10, true, true, true),
(96,3705, 3715, 5, 2, 3, 10, true, true, true),
(97,3731, 3741, 5, 2, 3, 10, true, true, true),
(98,3805, 3815, 5, 2, 3, 10, true, true, true),
(99,3835, 3844, 5, 2, 3, 10, true, true, true),
(100,3845, 3855, 5, 2, 3, 10, true, true, true),
(101,3907, 3917, 5, 2, 3, 10, true, true, true)

insert into checkers values
('65088de3-e61e-458f-bc0e-871158a73384', 'AF03BDFC-A892-469A-97FF-75375A14A435', '65088de3-e61e-458f-bc0e-871158a73384', 474, 482, false),
('5cbf7b21-f8b4-4b8a-a3f5-67ff77eae2f8', 'AF03BDFC-A892-469A-97FF-75375A14A435', '5cbf7b21-f8b4-4b8a-a3f5-67ff77eae2f8', 505, 525, false),
('9978701b-e800-4de5-8bef-8601226c4210', 'AF03BDFC-A892-469A-97FF-75375A14A435', '9978701b-e800-4de5-8bef-8601226c4210', 565, 575, false),
('848d7712-472d-45e6-bb21-d5693358d5d5', 'AF03BDFC-A892-469A-97FF-75375A14A435', '848d7712-472d-45e6-bb21-d5693358d5d5', 576, 585, false),
('98f7bbd8-e3b8-448e-b739-7658d3e27eed', 'AF03BDFC-A892-469A-97FF-75375A14A435', '98f7bbd8-e3b8-448e-b739-7658d3e27eed', 605, 612, false),
('18d20bdb-b62e-4603-af43-48fa99d14ea7', 'AF03BDFC-A892-469A-97FF-75375A14A435', '18d20bdb-b62e-4603-af43-48fa99d14ea7', 673, 683, false),
('c1483a2d-5299-4c4c-9c49-b1d5cffadd4c', 'AF03BDFC-A892-469A-97FF-75375A14A435', 'c1483a2d-5299-4c4c-9c49-b1d5cffadd4c', 702, 715, false),
('e19c455a-34cf-44cd-99b2-3633a8f311ca', 'AF03BDFC-A892-469A-97FF-75375A14A435', 'e19c455a-34cf-44cd-99b2-3633a8f311ca', 785, 795, false),
('533a4b81-3ac6-4efc-9001-a1db5380103d', 'AF03BDFC-A892-469A-97FF-75375A14A435', '533a4b81-3ac6-4efc-9001-a1db5380103d', 897, 910, false),
('d69e7642-ff6f-49f7-b9f2-e215dd5db2f2', 'AF03BDFC-A892-469A-97FF-75375A14A435', 'd69e7642-ff6f-49f7-b9f2-e215dd5db2f2', 951, 959, false),
('fb81f526-239d-462f-8bb2-437fcca962c9', 'AF03BDFC-A892-469A-97FF-75375A14A435', 'fb81f526-239d-462f-8bb2-437fcca962c9', 1004, 1015, false),
('efa23fc9-cd61-4ffe-ba20-d6b16a2e1818', 'AF03BDFC-A892-469A-97FF-75375A14A435', 'efa23fc9-cd61-4ffe-ba20-d6b16a2e1818', 1087, 1102, false),
('f2f57531-0920-4e53-a8e0-f56aae15c58d', 'AF03BDFC-A892-469A-97FF-75375A14A435', 'f2f57531-0920-4e53-a8e0-f56aae15c58d', 1198, 1209, false),
('7d482b18-26b1-4ab4-9c09-51af019972ec', 'AF03BDFC-A892-469A-97FF-75375A14A435', '7d482b18-26b1-4ab4-9c09-51af019972ec', 1342, 1347, false),
('3eda5b5b-c274-41bf-a92c-a32103be70b6', 'AF03BDFC-A892-469A-97FF-75375A14A435', '3eda5b5b-c274-41bf-a92c-a32103be70b6', 1385, 1392, false),
('40588b01-c233-406f-86a5-407874342272', 'AF03BDFC-A892-469A-97FF-75375A14A435', '40588b01-c233-406f-86a5-407874342272', 1436, 1446, false),
('8470f89f-f6c6-4f45-8a0d-50216a0e0516', 'AF03BDFC-A892-469A-97FF-75375A14A435', '8470f89f-f6c6-4f45-8a0d-50216a0e0516', 1552, 1565, false),
('ab040ee4-f869-46d2-9992-31550146db9a', 'AF03BDFC-A892-469A-97FF-75375A14A435', 'ab040ee4-f869-46d2-9992-31550146db9a', 1630, 1640, false),
('4a939e23-0da4-44c5-aa4f-80fe6a9ce49f', 'AF03BDFC-A892-469A-97FF-75375A14A435', '4a939e23-0da4-44c5-aa4f-80fe6a9ce49f', 1648, 1658, false),
('4ec0e09d-6ed3-45a7-9da6-88e4d53eca53', 'AF03BDFC-A892-469A-97FF-75375A14A435', '4ec0e09d-6ed3-45a7-9da6-88e4d53eca53', 1705, 1715, false),
('3c4c54c5-88bd-4fe0-b47b-d42f57b07e12', 'AF03BDFC-A892-469A-97FF-75375A14A435', '3c4c54c5-88bd-4fe0-b47b-d42f57b07e12', 1800, 1812, false),
('853ae937-4833-4561-8405-d804ade400f7', 'AF03BDFC-A892-469A-97FF-75375A14A435', '853ae937-4833-4561-8405-d804ade400f7', 1824, 1834, false),
('34e8929a-f3d2-4ecf-93ab-0f882476f758', 'AF03BDFC-A892-469A-97FF-75375A14A435', '34e8929a-f3d2-4ecf-93ab-0f882476f758', 1850, 1860, false),
('46d6ece3-e7eb-4508-b889-3c9f7cc17315', 'AF03BDFC-A892-469A-97FF-75375A14A435', '46d6ece3-e7eb-4508-b889-3c9f7cc17315', 1863, 1870, false),
('799b00a3-b5f3-48bb-afa7-ec69f4267b26', 'AF03BDFC-A892-469A-97FF-75375A14A435', '799b00a3-b5f3-48bb-afa7-ec69f4267b26', 1934, 1939, false),
('f925cad9-df73-46fb-aebb-f321f464cba7', 'AF03BDFC-A892-469A-97FF-75375A14A435', 'f925cad9-df73-46fb-aebb-f321f464cba7', 1940, 1945, false),
('8339eb33-7e59-462f-aa13-439518971617', 'AF03BDFC-A892-469A-97FF-75375A14A435', '8339eb33-7e59-462f-aa13-439518971617', 1968, 1974, false),
('502cdffc-a90f-4c18-9eb4-e2b9e2443c28', 'AF03BDFC-A892-469A-97FF-75375A14A435', '502cdffc-a90f-4c18-9eb4-e2b9e2443c28', 2010, 2018, false),
('d82d2b93-02a9-408c-946e-4451869c069b', 'AF03BDFC-A892-469A-97FF-75375A14A435', 'd82d2b93-02a9-408c-946e-4451869c069b', 4050, 4060, false),
('28f943b4-857f-4974-814a-36a2214844f2', 'AF03BDFC-A892-469A-97FF-75375A14A435', '28f943b4-857f-4974-814a-36a2214844f2', 4165, 4178, false),
('43e49f5e-35d9-461c-981e-f4c738336663', 'AF03BDFC-A892-469A-97FF-75375A14A435', '43e49f5e-35d9-461c-981e-f4c738336663', 4287, 4297, false),
('85b5fabb-de1e-494d-8b90-6f9a90127886', 'AF03BDFC-A892-469A-97FF-75375A14A435', '85b5fabb-de1e-494d-8b90-6f9a90127886', 4303, 4314, false),
('004ae58e-0751-49a4-9de9-3520d996b121', 'AF03BDFC-A892-469A-97FF-75375A14A435', '004ae58e-0751-49a4-9de9-3520d996b121', 4429, 4439, false),
('a271cfa5-9493-4c43-ab33-f5f919ba672b', 'AF03BDFC-A892-469A-97FF-75375A14A435', 'a271cfa5-9493-4c43-ab33-f5f919ba672b', 4508, 4518, false),
('1f2690cd-3171-4f0e-a5f2-e1bbd4c43ae9', 'AF03BDFC-A892-469A-97FF-75375A14A435', '1f2690cd-3171-4f0e-a5f2-e1bbd4c43ae9', 4606, 4616, false),
('1626bd0a-2390-49bd-afd1-32319ca7a1ae', 'AF03BDFC-A892-469A-97FF-75375A14A435', '1626bd0a-2390-49bd-afd1-32319ca7a1ae', 4790, 4800, false),
('0d95d58c-e7bd-484f-af06-bdc060c5751b', 'AF03BDFC-A892-469A-97FF-75375A14A435', '0d95d58c-e7bd-484f-af06-bdc060c5751b', 4912, 4922, false),
('1208f474-2388-42c1-86cd-390f7ebf348c', 'AF03BDFC-A892-469A-97FF-75375A14A435', '1208f474-2388-42c1-86cd-390f7ebf348c', 4967, 4977, false),
('b1d74935-760f-4d48-ab2a-18cb21f2d864', 'AF03BDFC-A892-469A-97FF-75375A14A435', 'b1d74935-760f-4d48-ab2a-18cb21f2d864', 5065, 5075, false),
('d45d1cef-3e4a-4b58-a4e7-1c8732e82434', 'AF03BDFC-A892-469A-97FF-75375A14A435', 'd45d1cef-3e4a-4b58-a4e7-1c8732e82434', 5076, 5082, false),
('7a1e9cdb-85b0-4371-b311-a05856fdeef2', 'AF03BDFC-A892-469A-97FF-75375A14A435', '7a1e9cdb-85b0-4371-b311-a05856fdeef2', 5135, 5145, false),
('ba967c68-efba-4ec8-a4c3-5b9ae535ca78', 'AF03BDFC-A892-469A-97FF-75375A14A435', 'ba967c68-efba-4ec8-a4c3-5b9ae535ca78', 5147, 5157, false),
('2cc5329c-f417-422f-9746-8ca2e5fd2e92', 'AF03BDFC-A892-469A-97FF-75375A14A435', '2cc5329c-f417-422f-9746-8ca2e5fd2e92', 5200, 5220, false),
('29df1846-e984-4049-9e01-65e3723af1e0', 'AF03BDFC-A892-469A-97FF-75375A14A435', '29df1846-e984-4049-9e01-65e3723af1e0', 5280, 5285, false),
('021cbe37-7de0-4c44-adab-c13362899c76', 'AF03BDFC-A892-469A-97FF-75375A14A435', '021cbe37-7de0-4c44-adab-c13362899c76', 5287, 5295, false),
('5d89f36f-d4ee-4a2d-9f24-ce0746af2b0e', 'AF03BDFC-A892-469A-97FF-75375A14A435', '5d89f36f-d4ee-4a2d-9f24-ce0746af2b0e', 5355, 5365, false),
('b2914475-3cb7-4b35-b6cf-ee562c1cf52d', 'AF03BDFC-A892-469A-97FF-75375A14A435', 'b2914475-3cb7-4b35-b6cf-ee562c1cf52d', 5430, 5440, false),
('12a268e4-2fa4-49a0-9dbc-9eb15555b61e', 'AF03BDFC-A892-469A-97FF-75375A14A435', '12a268e4-2fa4-49a0-9dbc-9eb15555b61e', 5455, 5465, false),
('1a597ffc-ccbc-4afd-aba6-22053dd7c1ee', 'AF03BDFC-A892-469A-97FF-75375A14A435', '1a597ffc-ccbc-4afd-aba6-22053dd7c1ee', 5490, 5500, false),
('22b37d2b-8aa8-4792-9f57-bdbf4ba32c06', 'AF03BDFC-A892-469A-97FF-75375A14A435', '22b37d2b-8aa8-4792-9f57-bdbf4ba32c06', 5510, 5520, false),
('c4b62dd2-068f-4c34-bc68-dd10c546f13f', 'AF03BDFC-A892-469A-97FF-75375A14A435', 'c4b62dd2-068f-4c34-bc68-dd10c546f13f', 5528, 5534, false),
('e022916a-90fd-4e4d-a403-97ce59a4b82b', 'AF03BDFC-A892-469A-97FF-75375A14A435', 'e022916a-90fd-4e4d-a403-97ce59a4b82b', 8750, 8760, false),
('77beb5e3-f00e-4215-875c-dc5f6d717129', 'AF03BDFC-A892-469A-97FF-75375A14A435', '77beb5e3-f00e-4215-875c-dc5f6d717129', 8800, 8810, false),
('ffbebfdf-07c1-43e9-9611-0bee85f5c5cd', 'AF03BDFC-A892-469A-97FF-75375A14A435', 'ffbebfdf-07c1-43e9-9611-0bee85f5c5cd', 11152, 11162, false),
('aeecdfd5-acc8-4320-8d24-0ef7fa18ebc6', 'AF03BDFC-A892-469A-97FF-75375A14A435', 'aeecdfd5-acc8-4320-8d24-0ef7fa18ebc6', 11240, 11270, false),
('f561d88b-040c-48f6-b636-5f5abe50aebb', 'AF03BDFC-A892-469A-97FF-75375A14A435', 'f561d88b-040c-48f6-b636-5f5abe50aebb', 11322, 11332, false),
('4bed3c4c-a9b8-4e95-ad90-dfa557f294b1', 'AF03BDFC-A892-469A-97FF-75375A14A435', '4bed3c4c-a9b8-4e95-ad90-dfa557f294b1', 11367, 11377, false),
('ad90da06-d75a-46a1-ae8a-ef060d928976', 'AF03BDFC-A892-469A-97FF-75375A14A435', 'ad90da06-d75a-46a1-ae8a-ef060d928976', 11453, 11463, false),
('ae8812a6-0bb0-4df8-b5b3-d7b3d6dd660c', 'AF03BDFC-A892-469A-97FF-75375A14A435', 'ae8812a6-0bb0-4df8-b5b3-d7b3d6dd660c', 11495, 11505, false),
('f2074364-4ef2-4db7-a5f0-0cdfd319f693', 'AF03BDFC-A892-469A-97FF-75375A14A435', 'f2074364-4ef2-4db7-a5f0-0cdfd319f693', 11585, 11598, false),
('ad2ae6da-5226-4d0e-9a42-7484ea61f5eb', 'AF03BDFC-A892-469A-97FF-75375A14A435', 'ad2ae6da-5226-4d0e-9a42-7484ea61f5eb', 11615, 11625, false),
('cf55f921-2c3c-47fc-b617-279aba8090bb', 'AF03BDFC-A892-469A-97FF-75375A14A435', 'cf55f921-2c3c-47fc-b617-279aba8090bb', 11705, 11715, false),
('8ca101a0-6d34-462b-9ccc-8ab1bbcdc9a9', 'AF03BDFC-A892-469A-97FF-75375A14A435', '8ca101a0-6d34-462b-9ccc-8ab1bbcdc9a9', 11765, 11775, false),
('57779033-8427-4f97-9e6c-31c4d0134efa', 'AF03BDFC-A892-469A-97FF-75375A14A435', '57779033-8427-4f97-9e6c-31c4d0134efa', 11815, 11827, false),
('a5c03f4d-2647-4c21-82e2-798a61890799', 'AF03BDFC-A892-469A-97FF-75375A14A435', 'a5c03f4d-2647-4c21-82e2-798a61890799', 11940, 11950, false),
('b6e4f278-ef24-41b8-bbc9-3dc885321646', 'AF03BDFC-A892-469A-97FF-75375A14A435', 'b6e4f278-ef24-41b8-bbc9-3dc885321646', 12053, 12063, false),
('7042acbf-e782-4781-9ca7-9cf72078f4d8', 'AF03BDFC-A892-469A-97FF-75375A14A435', '7042acbf-e782-4781-9ca7-9cf72078f4d8', 12140, 12153, false),
('17eeef8f-249c-4a62-b376-289e692b7c1a', 'AF03BDFC-A892-469A-97FF-75375A14A435', '17eeef8f-249c-4a62-b376-289e692b7c1a', 12155, 12164, false),
('66421bfa-8388-4822-a652-00436750da28', 'AF03BDFC-A892-469A-97FF-75375A14A435', '66421bfa-8388-4822-a652-00436750da28', 12247, 12257, false),
('6b3c85e5-aeab-4b69-ac09-1f22d736826e', 'AF03BDFC-A892-469A-97FF-75375A14A435', '6b3c85e5-aeab-4b69-ac09-1f22d736826e', 12315, 12332, false),
('90907de1-2677-4feb-9ed2-cc80dfdedd48', 'AF03BDFC-A892-469A-97FF-75375A14A435', '90907de1-2677-4feb-9ed2-cc80dfdedd48', 15420, 15460, false),
('26ddb933-dfc9-4618-9cf2-6db91662b5d8', 'F9A39246-2673-4650-9A92-840CBB9A4563', '26ddb933-dfc9-4618-9cf2-6db91662b5d8', 2373, 2388, false),
('897043cd-26a1-437f-904f-9bacb4e8635d', 'F9A39246-2673-4650-9A92-840CBB9A4563', '897043cd-26a1-437f-904f-9bacb4e8635d', 2459, 2465, false),
('88422fe2-4657-4ce0-85e7-d4cda603fda6', 'F9A39246-2673-4650-9A92-840CBB9A4563', '88422fe2-4657-4ce0-85e7-d4cda603fda6', 2545, 2557, false),
('9778d5a5-b50f-431b-8746-a66afb0a6c21', 'F9A39246-2673-4650-9A92-840CBB9A4563', '9778d5a5-b50f-431b-8746-a66afb0a6c21', 2649, 2660, false),
('aa44af3d-0a00-459c-8663-1ddba2d4d665', 'F9A39246-2673-4650-9A92-840CBB9A4563', 'aa44af3d-0a00-459c-8663-1ddba2d4d665', 2694, 2710, false),
('1569ed2f-08eb-49c9-8e46-0c4c9cd79007', 'F9A39246-2673-4650-9A92-840CBB9A4563', '1569ed2f-08eb-49c9-8e46-0c4c9cd79007', 2798, 2816, false),
('66fe2fc8-31bd-4c12-bef8-51154f390512', 'F9A39246-2673-4650-9A92-840CBB9A4563', '66fe2fc8-31bd-4c12-bef8-51154f390512', 2841, 2851, false),
('dca913b9-c47b-4c64-bcd7-10ab1f97d1a6', 'F9A39246-2673-4650-9A92-840CBB9A4563', 'dca913b9-c47b-4c64-bcd7-10ab1f97d1a6', 2978, 2990, false),
('a3c8f58d-f089-4adb-83c8-77b4373b720a', 'F9A39246-2673-4650-9A92-840CBB9A4563', 'a3c8f58d-f089-4adb-83c8-77b4373b720a', 3010, 3020, false),
('b21d99af-5bde-4aa6-b399-74f4fc6d8779', 'F9A39246-2673-4650-9A92-840CBB9A4563', 'b21d99af-5bde-4aa6-b399-74f4fc6d8779', 3058, 3068, false),
('35c883ce-62c3-42ea-b4bc-5cbc443fb89d', 'F9A39246-2673-4650-9A92-840CBB9A4563', '35c883ce-62c3-42ea-b4bc-5cbc443fb89d', 3100, 3115, false),
('cfb7a2e6-50cc-4dc3-b8a1-704538f1d25f', 'F9A39246-2673-4650-9A92-840CBB9A4563', 'cfb7a2e6-50cc-4dc3-b8a1-704538f1d25f', 3195, 3205, false),
('a0d64790-034b-4fcd-a55b-50bb632692fe', 'F9A39246-2673-4650-9A92-840CBB9A4563', 'a0d64790-034b-4fcd-a55b-50bb632692fe', 3206, 3215, false),
('03334b5b-abb9-4c04-af86-a8315430c25e', 'F9A39246-2673-4650-9A92-840CBB9A4563', '03334b5b-abb9-4c04-af86-a8315430c25e', 3274, 3287, false),
('23177410-0458-4cf9-97ff-df4166023ee2', 'F9A39246-2673-4650-9A92-840CBB9A4563', '23177410-0458-4cf9-97ff-df4166023ee2', 3295, 3307, false),
('ad319c66-9b4c-4528-9eb7-825a0bf26196', 'F9A39246-2673-4650-9A92-840CBB9A4563', 'ad319c66-9b4c-4528-9eb7-825a0bf26196', 3380, 3390, false),
('8054fa06-a895-4f1d-a7eb-a7bd33844333', 'F9A39246-2673-4650-9A92-840CBB9A4563', '8054fa06-a895-4f1d-a7eb-a7bd33844333', 3412, 3418, false),
('76eb776d-ce9c-44ff-9e95-26ce2dc04467', 'F9A39246-2673-4650-9A92-840CBB9A4563', '76eb776d-ce9c-44ff-9e95-26ce2dc04467', 3430, 3440, false),
('1a4c1cd6-70ce-4de5-af7e-a32781e0ced3', 'F9A39246-2673-4650-9A92-840CBB9A4563', '1a4c1cd6-70ce-4de5-af7e-a32781e0ced3', 3468, 3478, false),
('17d4d69d-1bac-40aa-8216-5d0092eac33f', 'F9A39246-2673-4650-9A92-840CBB9A4563', '17d4d69d-1bac-40aa-8216-5d0092eac33f', 3558, 3570, false),
('6547da57-e7e5-4e12-aa23-297ec570adb8', 'F9A39246-2673-4650-9A92-840CBB9A4563', '6547da57-e7e5-4e12-aa23-297ec570adb8', 3581, 3592, false),
('2d535a1a-ac7a-4b98-bb20-0d97ce51eff3', 'F9A39246-2673-4650-9A92-840CBB9A4563', '2d535a1a-ac7a-4b98-bb20-0d97ce51eff3', 3608, 3616, false),
('6e1c2c19-5483-4cca-b441-226dce6a1540', 'F9A39246-2673-4650-9A92-840CBB9A4563', '6e1c2c19-5483-4cca-b441-226dce6a1540', 3662, 3670, false),
('0e72313d-cb8d-4a01-aa84-551c178887a3', 'F9A39246-2673-4650-9A92-840CBB9A4563', '0e72313d-cb8d-4a01-aa84-551c178887a3', 3685, 3695, false),
('4ff02eab-ca7f-462a-8237-89c1daaaabde', 'F9A39246-2673-4650-9A92-840CBB9A4563', '4ff02eab-ca7f-462a-8237-89c1daaaabde', 3705, 3715, false),
('b881ac56-5733-4fb3-9dc6-a3b3a34406e2', 'F9A39246-2673-4650-9A92-840CBB9A4563', 'b881ac56-5733-4fb3-9dc6-a3b3a34406e2', 3731, 3741, false),
('ba135735-becc-414c-a182-3488eeef277b', 'F9A39246-2673-4650-9A92-840CBB9A4563', 'ba135735-becc-414c-a182-3488eeef277b', 3805, 3815, false),
('c9b242d5-b961-4f36-b166-24e4cda86cab', 'F9A39246-2673-4650-9A92-840CBB9A4563', 'c9b242d5-b961-4f36-b166-24e4cda86cab', 3835, 3844, false),
('218d3657-4948-4b3f-907e-3d3134c87956', 'F9A39246-2673-4650-9A92-840CBB9A4563', '218d3657-4948-4b3f-907e-3d3134c87956', 3845, 3855, false),
('a205218d-1649-46e9-b5d6-ceba6b4b7e49', 'F9A39246-2673-4650-9A92-840CBB9A4563', 'a205218d-1649-46e9-b5d6-ceba6b4b7e49', 3907, 3917, false)

